<?xml version="1.0" encoding="UTF-8"?>
<!DOCTYPE Configure PUBLIC "-//Jetty//Configure//EN" "http://www.eclipse.org/jetty/configure_9_0.dtd">

<Configure id="Server" class="org.eclipse.jetty.server.Server">

    <New id="sslContextFactory" class="org.eclipse.jetty.util.ssl.SslContextFactory">
        <Set name="keyStorePath">src/main/resources/keystore.jks</Set>
        <Set name="keyStorePassword">storepwd</Set>
        <Set name="trustStorePath">src/main/resources/truststore.jks</Set>
        <Set name="trustStorePassword">storepwd</Set>
        <Set name="protocol">TLSv1</Set>
    </New>

    <New id="tlsHttpConfig" class="org.eclipse.jetty.server.HttpConfiguration">
        <Arg>
            <New id="httpConfig" class="org.eclipse.jetty.server.HttpConfiguration">
                <Set name="secureScheme">https</Set>
                <Set name="securePort">
                    <Property name="jetty.tls.port" default="8443"/>
                </Set>
                <Set name="outputBufferSize">32768</Set>
                <Set name="requestHeaderSize">8192</Set>
                <Set name="responseHeaderSize">8192</Set>

                <!-- Uncomment to enable handling of X-Forwarded- style headers
                <Call name="addCustomizer">
                    <Arg><New class="org.eclipse.jetty.server.ForwardedRequestCustomizer"/></Arg>
                </Call>
                -->
            </New>
        </Arg>
        <Call name="addCustomizer">
            <Arg>
                <New class="org.eclipse.jetty.server.SecureRequestCustomizer"/>
            </Arg>
        </Call>
    </New>

    <New id="pushStrategy" class="org.eclipse.jetty.spdy.server.http.ReferrerPushStrategy">
        <!-- Uncomment to blacklist browsers for this push strategy. If one of the blacklisted Strings occurs in the
             user-agent header sent by the client, push will be disabled for this browser. This is case insensitive" -->
        <!--
        <Set name="UserAgentBlacklist">
            <Array type="String">
                <Item>.*(?i)firefox/14.*</Item>
                <Item>.*(?i)firefox/15.*</Item>
                <Item>.*(?i)firefox/16.*</Item>
            </Array>
        </Set>
        -->

        <!-- Uncomment to override default file extensions to push -->
        <!--
        <Set name="PushRegexps">
            <Array type="String">
               <Item>.*\.css</Item>
               <Item>.*\.js</Item>
               <Item>.*\.png</Item>
               <Item>.*\.jpg</Item>
               <Item>.*\.gif</Item>
           </Array>
        </Set>
        -->
        <Set name="referrerPushPeriod">5000</Set>
        <Set name="maxAssociatedResources">32</Set>
    </New>

    <Call id="sslConnector" name="addConnector">
        <Arg>
            <New class="org.eclipse.jetty.server.ServerConnector">
                <Arg name="server"><Ref refid="Server"/></Arg>
                <Arg name="factories">
                    <Array type="org.eclipse.jetty.server.ConnectionFactory">

                        <!-- SSL Connection factory with NPN as next protocol -->
                        <Item>
                            <New class="org.eclipse.jetty.server.SslConnectionFactory">
                                <Arg name="next">npn</Arg>
                                <Arg name="sslContextFactory">
                                    <Ref refid="sslContextFactory"/>
                                </Arg>
                            </New>
                        </Item>

                        <!-- NPN Connection factory with HTTP as default protocol -->
                        <Item>
                            <New class="org.eclipse.jetty.npn.server.NPNServerConnectionFactory">
                                <Arg name="protocols">
                                    <Array type="String">
                                        <Item>spdy/3</Item>
                                        <Item>spdy/2</Item>
                                        <Item>http/1.1</Item>
                                    </Array>
                                </Arg>
                                <Set name="defaultProtocol">http/1.1</Set>
                            </New>
                        </Item>

                        <!-- SPDY/3 Connection factory -->
                        <Item>
                            <New class="org.eclipse.jetty.spdy.server.http.HTTPSPDYServerConnectionFactory">
                                <Arg name="version" type="int">3</Arg>
                                <Arg name="config">
                                    <Ref refid="tlsHttpConfig"/>
                                </Arg>
                                <Arg name="pushStrategy">
                                    <Ref refid="pushStrategy"/>
                                </Arg>
                            </New>
                        </Item>

                        <!-- SPDY/2 Connection factory -->
                        <Item>
                            <New class="org.eclipse.jetty.spdy.server.http.HTTPSPDYServerConnectionFactory">
                                <Arg name="version" type="int">2</Arg>
                                <Arg name="config">
                                    <Ref refid="tlsHttpConfig"/>
                                </Arg>
                            </New>
                        </Item>

                        <!-- HTTP Connection factory -->
                        <Item>
                            <New class="org.eclipse.jetty.server.HttpConnectionFactory">
                                <Arg name="config">
                                    <Ref refid="tlsHttpConfig"/>
                                </Arg>
                            </New>
                        </Item>
                    </Array>
                </Arg>

                <Set name="port">8443</Set>
            </New>
        </Arg>
    </Call>

</Configure>
