<?xml version="1.0" encoding="UTF-8"?>
<!DOCTYPE Configure PUBLIC "-//Jetty//Configure//EN" "http://www.eclipse.org/jetty/configure_9_0.dtd">

<!-- ============================================================= -->
<!-- Configure a SPDY on the ssl connector.                       -->
<!-- ============================================================= -->
<Configure id="sslConnector" class="org.eclipse.jetty.server.ServerConnector">
  
  <!-- =========================================================== -->
  <!-- Create a push strategy which can be used by reference by    -->
  <!-- individual connection factories below.                      -->
  <!--                                                             -->
  <!-- Consult the javadoc of o.e.j.spdy.server.http.ReferrerPushStrategy -->
  <!-- for all configuration that may be set here.                 -->
  <!-- =========================================================== -->
  <New id="pushStrategy" class="org.eclipse.jetty.spdy.server.http.ReferrerPushStrategy">
    <!-- Uncomment to blacklist browsers for this push strategy. If one of the blacklisted Strings occurs in the
         user-agent header sent by the client, push will be disabled for this browser. This is case insensitive" -->
    <!--
    <Set name="UserAgentBlacklist">
        <Array type="String">
            <Item>.*(?i)firefox/14.*</Item>
            <Item>.*(?i)firefox/15.*</Item>
            <Item>.*(?i)firefox/16.*</Item>
        </Array>
    </Set>
    -->

    <!-- Uncomment to override default file extensions to push -->
    <!--
    <Set name="PushRegexps">
        <Array type="String">
           <Item>.*\.css</Item>
           <Item>.*\.js</Item>
           <Item>.*\.png</Item>
           <Item>.*\.jpg</Item>
           <Item>.*\.gif</Item>
        </Array>
    </Set>
    -->
    <Set name="referrerPushPeriod">5000</Set>
    <Set name="maxAssociatedResources">32</Set>
  </New>

  <!-- SPDY/3 Connection factory -->
  <Call name="addConnectionFactory">
    <Arg>
      <New class="org.eclipse.jetty.spdy.server.http.HTTPSPDYServerConnectionFactory">
        <Arg name="version" type="int">3</Arg>
        <Arg name="config"><Ref refid="sslHttpConfig"/></Arg>
        <!-- Set the initial window size for this SPDY connector. -->
        <!-- See: http://www.chromium.org/spdy/spdy-protocol/spdy-protocol-draft3#TOC-2.6.8-WINDOW_UPDATE -->
        <Set name="initialWindowSize"><Property name="spdy.initialWindowSize" default="65536"/></Set>
        <!-- Uncomment to enable ReferrerPushStrategy -->
        <!--<Arg name="pushStrategy"><Ref refid="pushStrategy"/></Arg>-->
      </New>
    </Arg>
  </Call>
  
</Configure>
