<?xml version="1.0"?>
<!DOCTYPE Configure PUBLIC "-//Jetty//Configure//EN" "http://www.eclipse.org/jetty/configure_9_0.dtd">

<!-- =============================================================== -->
<!-- Configure extended support for webapps                          -->
<!-- =============================================================== -->
<Configure id="Server" class="org.eclipse.jetty.server.Server">

  <!-- =========================================================== -->
  <!-- Add plus Configuring classes to all webapps for this Server -->
  <!-- =========================================================== -->
  <Call class="org.eclipse.jetty.webapp.Configuration$ClassList" name="setServerDefault">
    <Arg><Ref refid="Server" /></Arg>
    <Call name="addAfter">
      <Arg name="afterClass">org.eclipse.jetty.webapp.FragmentConfiguration</Arg>
      <Arg>
        <Array type="String">
          <Item>org.eclipse.jetty.plus.webapp.EnvConfiguration</Item>
          <Item>org.eclipse.jetty.plus.webapp.PlusConfiguration</Item>
        </Array>
      </Arg>
    </Call>
  </Call>

</Configure>

