<?xml version="1.0"?>
<!DOCTYPE Configure PUBLIC "-//Jetty//Configure//EN" "http://www.eclipse.org/jetty/configure_9_0.dtd">

<!-- =============================================================== -->
<!-- Mixin the RewriteHandler                                        -->
<!-- =============================================================== -->


<Configure id="Server" class="org.eclipse.jetty.server.Server">

    <!-- =========================================================== -->
    <!-- configure rewrite handler                                   -->
    <!-- =========================================================== -->
    <Get id="oldhandler" name="handler"/>

    <Set name="handler">
     <New id="Rewrite" class="org.eclipse.jetty.rewrite.handler.RewriteHandler">
      <Set name="handler"><Ref refid="oldhandler"/></Set>
      <Set name="rewriteRequestURI"><Property name="rewrite.rewriteRequestURI" default="true"/></Set>
      <Set name="rewritePathInfo"><Property name="rewrite.rewritePathInfo" default="false"/></Set>
      <Set name="originalPathAttribute"><Property name="rewrite.originalPathAttribute" default="requestedPath"/></Set>
     </New>
    </Set>

    <!-- example rule -->
    <!--
    <Call name="addRule">
      <Arg>
	<New class="org.eclipse.jetty.rewrite.handler.HeaderPatternRule">
	  <Set name="pattern">/favicon.ico</Set>
	  <Set name="name">Cache-Control</Set>
	  <Set name="value">Max-Age=3600,public</Set>
	  <Set name="terminating">true</Set>
	</New>
      </Arg>
    </Call>
    -->

    <!-- for example rules see jetty-demo.xml -->

</Configure>
