<?xml version="1.0" encoding="UTF-8"?>
<!DOCTYPE Configure PUBLIC "-//Jetty//Configure//EN" "http://www.eclipse.org/jetty/configure_9_0.dtd">

<Configure id="sslConnector" class="org.eclipse.jetty.server.ServerConnector">

  <Call name="addConnectionFactory">
    <Arg>
      <New class="org.eclipse.jetty.server.SslConnectionFactory">
        <Arg name="next"><Property name="protonego"/></Arg>
        <Arg name="sslContextFactory"><Ref refid="sslContextFactory"/></Arg>
      </New>
    </Arg>
  </Call>
  
  <Call name="addConnectionFactory">
    <Arg>
      <New id="protonego" class="org.eclipse.jetty.alpn.server.ALPNServerConnectionFactory">
        <Arg type="String">
          <Property name="alpn.protocols" default="" />
        </Arg>
        <Set name="defaultProtocol">
          <Property name="alpn.defaultProtocol" />
        </Set>
      </New>
    </Arg>
  </Call>

  <!-- Enables ALPN debugging on System.err -->
  <!--<Set class="org.eclipse.jetty.alpn.ALPN" name="debug" type="boolean">true</Set>-->

</Configure>

